{
  "pages/errors/404": "{{#partial \"page\"}}\n\n{{> components/common/breadcrumbs breadcrumbs=breadcrumbs}}\n\n<div class=\"page\">\n    <section class=\"page-content page-content--centered\">\n        <h1 class=\"page-heading\">{{lang 'page_not_found.page_heading'}}</h1>\n        <p class=\"u-textAlignCenter\">\n            {{lang 'page_not_found.message'}}\n        </p>\n\n        {{> components/common/search-box}}\n    </section>\n</div>\n\n{{/partial}}\n{{> layout/base}}\n",
  "components/common/breadcrumbs": "<nav aria-label=\"Breadcrumb\">\n    <ol class=\"breadcrumbs\">\n        {{#unless theme_settings.hide_breadcrumbs }}\n            {{#each breadcrumbs}}\n                <li class=\"breadcrumb {{#if @last}}is-active{{/if}}\">\n                    <a class=\"breadcrumb-label\"\n                       href=\"{{url}}\"\n                       {{#if @last}}aria-current=\"page\"{{/if}}\n                    >\n                        <span>{{name}}</span>\n                    </a>\n                </li>\n            {{/each}}\n        {{/unless}}\n    </ol>\n</nav>\n\n<script type=\"application/ld+json\">\n{\n    \"@context\": \"https://schema.org\",\n    \"@type\": \"BreadcrumbList\",\n    \"itemListElement\":\n    [\n        {{#each breadcrumbs}}\n        {\n            \"@type\": \"ListItem\",\n            \"position\": {{add @index 1}},\n            \"item\": {\n                \"@id\": {{{JSONstringify url}}},\n                \"name\": {{{JSONstringify name}}}\n            }\n        }{{#unless @last}},{{/unless}}\n        {{/each}}\n    ]\n}\n</script>\n",
  "components/common/search-box": "<form class=\"form\"  action=\"{{urls.search}}\">\n    <fieldset class=\"form-fieldset\">\n        <div class=\"form-field\">\n            <label class=\"form-label is-srOnly\" for=\"search_query_adv\">{{lang 'search.results.form_label'}}</label>\n            <div class=\"form-prefixPostfix wrap\">\n                <input class=\"form-input\" id=\"search_query_adv\" name=\"search_query_adv\" value=\"{{forms.search.query}}\">\n                <input class=\"button button--primary form-prefixPostfix-button--postfix\" type=\"submit\" value=\"{{lang 'search.results.form_button_text'}}\">\n            </div>\n        </div>\n    </fieldset>\n</form>\n",
  "layout/base": "<!DOCTYPE html>\n<html class=\"no-js\" lang=\"{{ locale_name }}\">\n    <head>\n        <title>{{ head.title }}</title>\n        {{{ resourceHints }}}\n        {{{ head.meta_tags }}}\n        {{{ head.config }}}\n        {{#block \"head\"}} {{/block}}\n\n        <link href=\"{{ head.favicon }}\" rel=\"shortcut icon\">\n        <meta name=\"viewport\" content=\"width=device-width, initial-scale=1\">\n\n        <script>\n            {{!-- Change document class from no-js to js so we can detect this in css --}}\n            document.documentElement.className = document.documentElement.className.replace('no-js', 'js');\n        </script>\n\n        {{> components/common/polyfill-script }}\n        <script>window.consentManagerTranslations = `{{{langJson 'consent_manager'}}}`;</script>\n\n        {{!-- Load Lazysizes script ASAP so images will appear --}}\n        <script>\n            {{!-- Only load visible elements until the onload event fires, after which preload nearby elements. --}}\n            window.lazySizesConfig = window.lazySizesConfig || {};\n            window.lazySizesConfig.loadMode = 1;\n        </script>\n        <script async src=\"{{cdn 'assets/dist/theme-bundle.head_async.js' resourceHint='preload' as='script'}}\"></script>\n        \n        {{getFontsCollection font-display='block'}}\n        \n        <script async src=\"{{cdn 'assets/dist/theme-bundle.font.js' resourceHint='preload' as='script'}}\"></script>\n\n        {{{stylesheet '/assets/css/theme.css'}}}\n\n        {{{head.scripts}}}\n\n        {{~inject 'zoomSize' theme_settings.zoom_size}}\n        {{~inject 'productSize' theme_settings.product_size}}\n        {{~inject 'genericError' (lang 'common.generic_error')}}\n        {{~inject 'urls' urls}}\n        {{~inject 'secureBaseUrl' settings.secure_base_url}}\n        {{~inject 'cartId' cart_id}}\n        {{~inject 'template' template}}\n        {{~inject 'validationDictionaryJSON' (langJson 'validation_messages')}}\n        {{~inject 'validationFallbackDictionaryJSON' (langJson 'validation_fallback_messages')}}\n        {{~inject 'validationDefaultDictionaryJSON' (langJson 'validation_default_messages')}}\n        {{~inject 'carouselArrowAndDotAriaLabel' (lang 'carousel.arrow_and_dot_aria_label')}}\n        {{~inject 'carouselActiveDotAriaLabel' (lang 'carousel.active_dot_aria_label')}}\n        {{~inject 'carouselContentAnnounceMessage' (lang 'carousel.content_announce_message')}}\n    </head>\n    <body>\n        <svg data-src=\"{{cdn 'img/icon-sprite.svg'}}\" class=\"icons-svg-sprite\"></svg>\n\n        {{> components/common/header }}\n        {{> components/common/body }}\n        {{> components/common/footer }}\n\n        <script>window.__webpack_public_path__ = \"{{cdn 'assets/dist/'}}\";</script>\n        <script>\n            {{!-- Exported in app.js --}}\n            function onThemeBundleMain() {\n                window.stencilBootstrap(\"{{page_type}}\", {{jsContext}}).load();\n            }\n        </script>\n        <script async defer src=\"{{cdn 'assets/dist/theme-bundle.main.js' resourceHint='preload' as='script'}}\" onload=\"onThemeBundleMain()\"></script>\n\n        {{{footer.scripts}}}\n    </body>\n</html>\n",
  "components/common/polyfill-script": "<script>\n    {{!--\n        Check for modern browser features, and load polyfills if browser does not appear to support features\n        we need.\n\n            Polyfill approach is all or nothing - please import needed polyfills in /assets/js/polyfills.js\n\n        Inspired by https://philipwalton.com/articles/loading-polyfills-only-when-needed/\n            --}}\n    function browserSupportsAllFeatures() {\n        return window.Promise\n            && window.fetch\n            && window.URL\n            && window.URLSearchParams\n            && window.WeakMap\n            // object-fit support\n            && ('objectFit' in document.documentElement.style);\n    }\n\n    function loadScript(src) {\n        var js = document.createElement('script');\n        js.src = src;\n        js.onerror = function () {\n            console.error('Failed to load polyfill script ' + src);\n        };\n        document.head.appendChild(js);\n    }\n\n    if (!browserSupportsAllFeatures()) {\n        loadScript('{{cdn 'assets/dist/theme-bundle.polyfills.js'}}');\n    }\n</script>\n",
  "components/common/header": "<a href=\"#main-content\" class=\"skip-to-main-link\">{{lang 'header.skip_to_main'}}</a>\n{{#if banners.top}}\n<div class=\"banners\" data-banner-location=\"top\">\n    {{#each (limit banners.top_metadata 1)}}\n    <div class=\"banner\" data-event-type=\"promotion\" data-entity-id=\"{{this.id}}\" data-name=\"{{this.banner-name}}\" data-position=\"{{this.location}}\" data-banner-id=\"{{this.banner-name}}\">\n        <div data-event-type=\"promotion-click\">\n            {{{this.content}}}\n        </div>\n    </div>\n    {{/each}}\n</div>\n{{/if}}\n<header class=\"header\" role=\"banner\">\n    <div class=\"headerContainer\">\n        <a href=\"#\" class=\"mobileMenu-toggle\" data-mobile-menu-toggle=\"menu\">\n            <span class=\"mobileMenu-toggleIcon\">Toggle menu</span>\n        </a>\n        {{> components/common/navigation}}\n    \n        {{#if page_type '===' 'default'}}\n            <h1 class=\"header-logo header-logo--{{theme_settings.logo-position}}\">\n                {{> components/common/store-logo}}\n            </h1>\n        {{else}}\n            <div class=\"header-logo header-logo--{{theme_settings.logo-position}}\">\n                {{> components/common/store-logo}}\n            </div>\n        {{/if}}\n        <div class=\"navPages-container\" id=\"menu\" data-menu>\n            {{> components/common/navigation-menu}}\n        </div>\n    </div>\n    {{{region name=\"header_navigation_bottom--global\"}}}\n</header>\n{{{region name=\"header_bottom--global\"}}}\n{{{region name=\"header_bottom\"}}}\n",
  "components/common/body": "\n<main class=\"body {{dashcase template}}\" id=\"main-content\" role=\"main\" data-currency-code=\"{{currency_selector.active_currency_code}}\">\n    {{#block \"hero\"}} {{/block}}\n    <div class=\"container\">\n        {{#block \"page\"}} {{/block}}\n    </div>\n    {{> components/common/modal/modal}}\n    {{> components/common/alert/alert-modal}}\n</main>\n",
  "components/common/footer": "{{#if banners.bottom}}\n    {{#if settings.data_tag_enabled}}\n        <div class=\"banners\" data-banner-location=\"bottom\">\n            {{#each (limit banners.bottom_metadata 1)}}\n                <div class=\"banner\" data-event-type=\"promotion\" data-entity-id=\"{{this.id}}\" data-name=\"{{this.banner-name}}\" data-position=\"{{this.location}}\" data-name=\"{{this.banner-name}}\">\n                    <div data-event-type=\"promotion-click\">\n                        {{{this.content}}}\n                    </div>\n                </div>\n            {{/each}}\n        </div>\n    {{else}}\n        <div class=\"banners\" data-banner-location=\"bottom\">\n            <div class=\"banner\">\n                {{{limit banners.bottom 1}}}\n            </div>\n        </div>\n    {{/if}}\n\n{{/if}}\n\n<section class=\"subscriptionSection\" data-section-type=\"newsletterSubscription\">\n    <div class=\"subscription-container\">\n        <div class=\"subscriptionImg-container\">\n            <img src=\"https://cdn11.bigcommerce.com/s-1xzl5c4w75/images/stencil/original/image-manager/mustang-logo-tbg.png\" alt=\"\" class=\"subscriptionImm\">\n        </div>\n        {{#if settings.show_newsletter_box}}\n            {{> components/common/subscription-form}}\n        {{/if}}\n    </div>\n</section>\n\n<footer class=\"footer\" role=\"contentinfo\">\n    <div class=\"container\">\n        {{#if theme_settings.social_icon_placement_bottom '!==' 'bottom_none'}}\n            <article class=\"footer-info-col\n                footer-info-col--social\n                footer-info-col--{{#if theme_settings.social_icon_placement_bottom '===' 'bottom_left'}}left{{else}}right{{/if}}\"\n                data-section-type=\"footer-webPages\">\n                    <h3 class=\"footer-info-heading\">{{lang 'social.connect'}}</h3>\n                    {{> components/common/social-links}}\n            </article>\n        {{/if}}\n        <section class=\"footer-info\">\n            <article class=\"footer-info-col footer-info-col--logo\">\n                {{> components/common/store-logo}}\n            </article>\n            <article class=\"footer-info-col footer-info-col--small\" data-section-type=\"footer-webPages\">\n                {{#if pages.length}}\n                    <h3 class=\"footer-info-heading\">{{lang 'footer.navigate'}}</h3>\n                {{/if}}\n                <ul class=\"footer-info-list\">\n                    {{#each pages}}\n                        <li>\n                            <a href=\"{{url}}\">{{name}}</a>\n                        </li>\n                    {{/each}}\n                </ul>\n            </article>\n\n            {{#if settings.address}}\n                <article class=\"footer-info-col footer-info-col--small\" data-section-type=\"storeInfo\">\n                    <h3 class=\"footer-info-heading\">{{lang 'footer.info'}}</h3>\n                    <address>{{nl2br settings.address}}</address>\n                    {{#if settings.phone_number}}\n                        <strong>{{lang 'footer.call_us' phone_number=settings.phone_number}}</strong>\n                    {{/if}}\n                </article>\n            {{/if}}\n        </section>\n        {{#if settings.paypal_commerce_credit_message}}\n        <div class=\"footer-copyright\">\n            <p class=\"paypal-credit\">{{nl2br settings.paypal_commerce_credit_message}}</p>\n        </div>\n        {{/if}}\n    </div>\n    {{{region name=\"ssl_site_seal--global\"}}}\n</footer>\n",
  "components/common/navigation": "<nav class=\"navUser\">\n    {{#or customer (unless settings.hide_price_from_guests)}}\n        {{> components/common/currency-selector}}\n    {{/or}}\n    <ul class=\"navUser-section navUser-section--alt\">\n        {{#if customer.store_credit.value '>' 0}}\n            <li class=\"navUser-item\">\n                <a class=\"navUser-action navUser-action--storeCredit\"\n                   data-dropdown=\"storeCredit-dropdown\"\n                   data-options=\"align:bottom\"\n                   href=\"{{urls.cart}}\"\n                   aria-label=\"{{lang 'common.store_credit_overview' credit=customer.store_credit.formatted}}\"\n                >\n                    <span class=\"navUser-action-divider\">\n                        {{lang 'common.store_credit_overview' credit=customer.store_credit.formatted}}\n                    </span>\n                </a>\n                <div class=\"dropdown-menu\" id=\"storeCredit-dropdown\" data-dropdown-content aria-hidden=\"true\">\n                    {{{lang 'common.store_credit' store_credit=customer.store_credit.formatted}}}\n                </div>\n            </li>\n        {{/if}}\n        <li class=\"navUser-item navUser-item--compare\">\n            <a class=\"navUser-action navUser-item--compare\"\n               href=\"{{urls.compare}}\"\n               data-compare-nav\n               aria-label=\"{{lang 'common.compare'}}\"\n            >\n                {{lang 'common.compare'}} <span class=\"countPill countPill--positive countPill--alt\"></span>\n            </a>\n        </li>\n        {{#if theme_settings.social_icon_placement_top}}\n            <li class=\"navUser-item navUser-item--social\">\n                {{> components/common/social-links}}\n            </li>\n            <li class=\"navUser-item navUser-item--divider\">|</li>\n        {{/if}}\n        <li class=\"navUser-item navUser-item--search\">\n            <button class=\"navUser-action navUser-action--quickSearch\"\n               type=\"button\"\n               id=\"quick-search-expand\"\n               data-search=\"quickSearch\"\n               aria-controls=\"quickSearch\"\n               aria-label=\"{{lang 'common.search'}}\"\n            >\n                <i class=\"icon open\">\n                    <svg><use xlink:href=\"#icon-search\" /></svg>\n                </i>\n                <i class=\"icon close\">\n                    <svg><use xlink:href=\"#icon-close\" /></svg>\n                </i>\n            </button>\n        </li>\n        {{#if settings.gift_certificates_enabled}}\n            <li class=\"navUser-item\">\n                <a class=\"navUser-action\"\n                   href=\"{{urls.gift_certificate.purchase}}\"\n                   aria-label=\"{{lang 'common.gift_cert'}}\"\n                >\n                    {{lang 'common.gift_cert'}}\n                </a>\n            </li>\n        {{/if}}\n        <li class=\"navUser-item navUser-item--account\">\n            <a class=\"navUser-action\"\n                href=\"{{urls.account.index}}\"\n                aria-label=\"{{lang 'common.account'}}\"\n            >\n                <i class=\"icon\">\n                    <svg><use xlink:href=\"#icon-account\" /></svg>\n                </i>\n            </a>\n        </li>\n        <li class=\"navUser-item navUser-item--cart\">\n            <a class=\"navUser-action\"\n               data-cart-preview\n               data-dropdown=\"cart-preview-dropdown\"\n               data-options=\"align:right\"\n               href=\"{{urls.cart}}\"\n               aria-label=\"{{lang 'cart.nav_aria_label'}}\"\n            >\n                <i class=\"icon\">\n                    <svg><use xlink:href=\"#icon-shoppingCart\" /></svg>\n                </i>\n                <span class=\"countPill cart-quantity\"></span>\n            </a>\n\n            <div class=\"dropdown-menu\" id=\"cart-preview-dropdown\" data-dropdown-content aria-hidden=\"true\"></div>\n        </li>\n    </ul>\n    <div class=\"dropdown dropdown--quickSearch\" id=\"quickSearch\" aria-hidden=\"true\" data-prevent-quick-search-close>\n        {{> components/common/quick-search name='nav-quick-search'}}\n    </div>\n</nav>\n",
  "components/common/store-logo": "<a href=\"{{urls.home}}\" class=\"header-logo__link\" data-header-logo-link>\n    {{#if settings.store_logo.image}}\n        {{#if theme_settings.logo_size '===' 'original'}}\n        <img class=\"header-logo-image-unknown-size\"\n             src=\"{{getImage settings.store_logo.image 'logo_size'}}\"\n             alt=\"{{settings.store_logo.title}}\"\n             title=\"{{settings.store_logo.title}}\">\n        {{else}}\n        <div class=\"header-logo-image-container\">\n            <img class=\"header-logo-image\"\n                 src=\"{{getImage settings.store_logo.image 'logo_size'}}\"\n                 srcset=\"{{getImageSrcset1x2x settings.store_logo.image theme_settings.logo_size}}\"\n                 alt=\"{{settings.store_logo.title}}\"\n                 title=\"{{settings.store_logo.title}}\">\n        </div>\n        {{/if}}\n    {{else}}\n    <span class=\"header-logo-text\">{{settings.store_logo.title}}</span>\n    {{/if}}\n</a>\n",
  "components/common/navigation-menu": "<nav class=\"navPages\">\n    <div class=\"navPages-quickSearch\">\n        {{> components/common/quick-search name='nav-menu-quick-search'}}\n    </div>\n    <ul class=\"navPages-list{{#if theme_settings.navigation_design '!==' 'simple'}} navPages-list-depth-max{{/if}}\">\n        {{#each categories}}\n            <li class=\"navPages-item\">\n            {{#if ../theme_settings.navigation_design '===' 'simple'}}\n                {{> components/common/navigation-list}}\n            {{/if}}\n            {{#if ../theme_settings.navigation_design '===' 'alternate'}}\n                {{> components/common/navigation-list-alternate}}\n            {{/if}}\n            </li>\n        {{/each}}\n    </ul>\n</nav>\n",
  "components/common/modal/modal": "<div id=\"modal\" class=\"modal\" data-reveal data-prevent-quick-search-close>\n    {{> components/common/modal/modal-close-btn}}\n    <div class=\"modal-content\"></div>\n    <div class=\"loadingOverlay\"></div>\n</div>\n",
  "components/common/alert/alert-modal": "<div id=\"alert-modal\" class=\"modal modal--alert modal--small\" data-reveal data-prevent-quick-search-close>\n    <div class=\"alert-icon error-icon\">\n        <span class=\"icon-content\">\n            <span class=\"line line-left\"></span>\n            <span class=\"line line-right\"></span>\n        </span>\n    </div>\n\n    <div class=\"alert-icon warning-icon\">\n        <div class=\"icon-content\">!</div>\n    </div>\n\n    <div class=\"modal-content\"></div>\n\n    <div class=\"button-container\">\n        <button type=\"button\" class=\"confirm button\" data-reveal-close>{{lang 'common.ok'}}</button>\n        <button type=\"button\" class=\"cancel button\" data-reveal-close>{{lang 'common.cancel'}}</button>\n    </div>\n</div>\n",
  "components/common/subscription-form": "<div class=\"subscriptionForm-container\">\n    <h3 class=\"footer-info-heading\">{{lang 'newsletter.subscribe'}}</h3>\n    <p>{{lang 'newsletter.subscribe_intro'}}</p>\n\n    <form class=\"form\" action=\"{{urls.subscribe.action}}\" method=\"post\">\n        <fieldset class=\"form-fieldset\">\n            <input type=\"hidden\" name=\"action\" value=\"subscribe\">\n            <input type=\"hidden\" name=\"nl_first_name\" value=\"bc\">\n            <input type=\"hidden\" name=\"check\" value=\"1\">\n            <div class=\"form-field\">\n                <label class=\"form-label is-srOnly\" for=\"nl_email\">{{lang 'common.email_address'}}</label>\n                <div class=\"form-prefixPostfix wrap\">\n                    <input class=\"form-input\"\n                        id=\"nl_email\"\n                        name=\"nl_email\"\n                        type=\"email\"\n                        value=\"{{customer.email}}\"\n                        placeholder=\"{{lang 'newsletter.email_placeholder'}}\"\n                        aria-describedby=\"alertBox-message-text\"\n                        aria-required=\"true\"\n                        required\n                    >\n                    <input class=\"button button--primary form-prefixPostfix-button--postfix\"\n                        type=\"submit\"\n                        value=\"{{lang 'newsletter.subscribe_submit'}}\"\n                    >\n                </div>\n                {{#if settings.show_newsletter_summary }}\n                    <div class=\"footer-newsletter-summary\">{{settings.newsletter_summary}}</div>\n                {{/if}}\n            </div>\n        </fieldset>\n    </form>\n</div>\n",
  "components/common/social-links": "{{#if social_media}}\n    <ul class=\"socialLinks socialLinks--alt\">\n        {{#each social_media}}\n            <li class=\"socialLinks-item\">\n                <a class=\"icon icon--{{display_name}}\"\n                   href=\"{{url}}\"\n                   target=\"_blank\"\n                   rel=\"noopener\"\n                   title=\"{{{capitalize display_name}}}\"\n                >\n                    <span class=\"aria-description--hidden\">{{{capitalize display_name}}}</span>\n                    <svg>\n                        <use xlink:href=\"#icon-{{display_name}}\"/>\n                    </svg>\n                </a>\n            </li>\n        {{/each}}\n    </ul>\n{{/if}}\n",
  "components/common/currency-selector": "{{#if currency_selector.currencies.length '>' 1}}\n<ul class=\"navUser-section\">\n    <li class=\"navUser-item\">\n        <a class=\"navUser-action navUser-action--currencySelector has-dropdown\"\n           href=\"#\"\n           data-dropdown=\"currencySelection\"\n           aria-controls=\"currencySelection\"\n           aria-expanded=\"false\"\n        >\n            {{lang 'common.currency' code=currency_selector.active_currency_code}}\n            <i class=\"icon\" aria-hidden=\"true\">\n                <svg>\n                    <use xlink:href=\"#icon-chevron-down\" />\n                </svg>\n            </i>\n        </a>\n        <ul class=\"dropdown-menu\" id=\"currencySelection\" data-dropdown-content aria-hidden=\"true\" tabindex=\"-1\">\n            {{#each currency_selector.currencies}}\n            <li class=\"dropdown-menu-item\">\n                <a href=\"{{{switch_url}}}\"\n                   data-currency-code=\"{{{code}}}\"\n                   {{#if cart_currency_switch_url.length '>' 0 }}\n                   data-cart-currency-switch-url=\"{{{cart_currency_switch_url}}}\"\n                   {{/if}}\n                   data-warning=\"{{lang 'common.currency_switch_promotion'}}\"\n                >\n                {{#if is_active}}\n                    <strong>{{name}}</strong>\n                {{else}}\n                    {{name}}\n                {{/if}}\n                </a>\n            </li>\n            {{/each}}\n        </ul>\n    </li>\n</ul>\n{{/if}}\n",
  "components/common/quick-search": "<div class=\"container\">\n    <form class=\"form\" onsubmit=\"return false\" data-url=\"{{urls.search}}\" data-quick-search-form>\n        <fieldset class=\"form-fieldset\">\n            <div class=\"form-field\">\n                <label class=\"is-srOnly\" for=\"{{name}}\">{{lang \"search.quick_search.input_label\"}}</label>\n                <input class=\"form-input\"\n                       data-search-quick\n                       name=\"{{name}}\"\n                       id=\"{{name}}\"\n                       data-error-message=\"{{lang 'search.error.empty_field'}}\"\n                       placeholder=\"{{lang 'search.quick_search.input_placeholder'}}\"\n                       autocomplete=\"off\"\n                >\n            </div>\n        </fieldset>\n    </form>\n    <section class=\"quickSearchResults\" data-bind=\"html: results\"></section>\n    <p role=\"status\"\n       aria-live=\"polite\"\n       class=\"aria-description--hidden\"\n       data-search-aria-message-predefined-text=\"{{{lang 'search.results.quick_count_live'}}}\"\n    ></p>\n</div>\n",
  "components/common/navigation-list": "{{#if children}}\n<a class=\"navPages-action has-subMenu{{#if is_active}} activePage{{/if}}\"\n   href=\"{{url}}\"\n   data-collapsible=\"navPages-{{id}}\"\n>\n    {{name}}\n    <i class=\"icon navPages-action-moreIcon\" aria-hidden=\"true\">\n        <svg><use xlink:href=\"#icon-chevron-down\" /></svg>\n    </i>\n</a>\n<div class=\"navPage-subMenu\" id=\"navPages-{{id}}\" aria-hidden=\"true\" tabindex=\"-1\">\n    <ul class=\"navPage-subMenu-list\">\n        {{#each children}}\n            <li class=\"navPage-subMenu-item\">\n                <a class=\"navPage-subMenu-action navPages-action{{#if is_active}} activePage{{/if}}\"\n                   href=\"{{url}}\"\n                   aria-label=\"{{name}}\"\n                >\n                    {{name}}\n                </a>\n            </li>\n        {{/each}}\n    </ul>\n</div>\n{{else}}\n<a class=\"navPages-action{{#if is_active}} activePage{{/if}}\"\n   href=\"{{url}}\"\n   aria-label=\"{{name}}\"\n>\n    {{name}}\n</a>\n{{/if}}\n",
  "components/common/navigation-list-alternate": "{{#if children}}\n    <a class=\"navPages-action navPages-action-depth-max has-subMenu is-root{{#if is_active}} activePage{{/if}}\"\n       href=\"{{url}}\"\n       data-collapsible=\"navPages-{{id}}\"\n       aria-label=\"{{name}}\"\n    >\n        {{name}}\n        <i class=\"icon navPages-action-moreIcon\" aria-hidden=\"true\">\n            <svg><use xlink:href=\"#icon-chevron-down\" /></svg>\n        </i>\n    </a>\n    {{> components/common/navigation-dropdown}}\n{{else}}\n    <a class=\"navPages-action{{#if is_active}} activePage{{/if}}\"\n       href=\"{{url}}\"\n       aria-label=\"{{name}}\"\n    >\n        {{name}}\n    </a>\n{{/if}}\n",
  "components/common/modal/modal-close-btn": "<button class=\"modal-close\"\n        type=\"button\"\n        title=\"{{lang 'common.close'}}\"\n        {{additional_attr}}\n>\n    <span class=\"aria-description--hidden\">{{lang 'common.close'}}</span>\n    <span aria-hidden=\"true\">&#215;</span>\n</button>\n",
  "components/common/navigation-dropdown": "<div class=\"navPage-subMenu navPage-subMenu-horizontal\" id=\"navPages-{{id}}\" aria-hidden=\"true\" tabindex=\"-1\">\n    <ul class=\"navPage-subMenu-list\">\n        <li class=\"navPage-subMenu-item-parent\">\n            <a class=\"navPage-subMenu-action navPages-action navPages-action-depth-max\" href=\"{{url}}\">{{lang 'category.view_all.name' category=name}}</a>\n        </li>\n        {{#each children}}\n            <li class=\"navPage-subMenu-item-child\">\n                {{#if children}}\n                    <a class=\"navPage-subMenu-action navPages-action navPages-action-depth-max has-subMenu{{#if is_active}} activePage{{/if}}\" href=\"{{url}}\" data-collapsible=\"navPages-{{id}}\">\n                        {{name}}<i class=\"icon navPages-action-moreIcon\" aria-hidden=\"true\"><svg><use xlink:href=\"#icon-chevron-down\" /></svg></i>\n                    </a>\n                    {{> components/common/navigation-dropdown}}\n                {{else}}\n                    <a class=\"navPage-subMenu-action navPages-action{{#if is_active}} activePage{{/if}}\" href=\"{{url}}\">{{name}}</a>\n                {{/if}}\n            </li>\n        {{/each}}\n    </ul>\n</div>\n"
}